imageName,URLLink,coordinates,imgDate,imageDisc
img_20170117_114731.jpg,https://images.imgbox.com/88/c4/jWPyEukG_o.jpg,"-85.474175,38.2940777777777,0",2017/1/17,
img_20170117_114735.jpg,https://images.imgbox.com/50/ef/zyfch1Kf_o.jpg,"-85.47437662395458,38.2937010193672,0",2017/1/17,
img_20170117_114738.jpg,https://images.imgbox.com/0d/31/jwzEY6Vs_o.jpg,"-85.47437799268339,38.2937016220796,0",2017/1/17,
img_20170117_114741.jpg,https://images.imgbox.com/71/18/XQRdDyoZ_o.jpg,"-85.47437639583671,38.2937000378241,0",2017/1/17,
img_20170117_114838.jpg,https://images.imgbox.com/cc/bb/yL7PSBfZ_o.jpg,"-85.47450541242986,38.293797593687,0",2017/1/17,
img_20170117_114917.jpg,https://images.imgbox.com/18/3c/AdVGNj5I_o.jpg,"-85.47450397508908,38.2937948770246,0",2017/1/17,
img_20170117_114920.jpg,https://images.imgbox.com/ae/a9/HCKnTGQD_o.jpg,"-85.47452551686364,38.2938121731015,0",2017/1/17,
img_20170117_115237.jpg,https://images.imgbox.com/be/32/U0kH68M5_o.jpg,"-85.47474705986609,38.2939488360007,0",2017/1/17,
img_20170117_115257.jpg,https://images.imgbox.com/04/25/O5Fo7IkY_o.jpg,"-85.47473338175578,38.2939664232947,0",2017/1/17,
img_20170117_115311.jpg,https://images.imgbox.com/f7/22/mwEbeBKX_o.jpg,"-85.4747474858509,38.2939489464125,0",2017/1/17,
img_20170117_115404.jpg,https://images.imgbox.com/f1/ec/iL5NQhxY_o.jpg,"-85.47497420223854,38.2940910732087,0",2017/1/17,
img_20170117_115406.jpg,https://images.imgbox.com/7b/bc/nYRAtYKS_o.jpg,"-85.47497359404277,38.29409194521,0",2017/1/17,
img_20170117_115512.jpg,https://images.imgbox.com/96/54/1JPUoMbI_o.jpg,"-85.47525723356877,38.2941943978816,0",2017/1/17,
img_20170117_115513.jpg,https://images.imgbox.com/e2/4a/RJr9pAXX_o.jpg,"-85.47525923448833,38.2941969376296,0",2017/1/17,
img_20170117_115545.jpg,https://images.imgbox.com/44/ff/bJxPLIU8_o.jpg,"-85.47548174655262,38.2942677933039,0",2017/1/17,
img_20170117_115553.jpg,https://images.imgbox.com/3e/de/4eC13Vo1_o.jpg,"-85.47548266199708,38.2942713253416,0",2017/1/17,
img_20170117_115555.jpg,https://images.imgbox.com/33/1a/HiFykfOa_o.jpg,"-85.47548174645259,38.2942677934923,0",2017/1/17,
img_20170117_115649.jpg,https://images.imgbox.com/79/58/Bl5p1oQK_o.jpg,"-85.47573799163565,38.2944253659844,0",2017/1/17,
img_20170117_115756.jpg,https://images.imgbox.com/40/0a/dXR6aEDR_o.jpg,"-85.475892155175,38.2943403248533,0",2017/1/17,
img_20170117_120030.jpg,https://images.imgbox.com/6d/9c/1y5M3ThX_o.jpg,"-85.47615229956136,38.2945742118919,0",2017/1/17,
img_20170117_120214.jpg,https://images.imgbox.com/92/86/Pac92GsP_o.jpg,"-85.47586829446578,38.2945374997141,0",2017/1/17,
img_20170117_120339.jpg,https://images.imgbox.com/f3/cf/zVYaarMy_o.jpg,"-85.47578174171991,38.2944483919472,0",2017/1/17,
img_20170117_121200.jpg,https://images.imgbox.com/07/78/oQkEGkez_o.jpg,"-85.47453818021185,38.2938159458822,0",2017/1/17,
img_20170117_121202.jpg,https://images.imgbox.com/7c/1f/jvf0vI0b_o.jpg,"-85.47453919077687,38.2938154206364,0",2017/1/17,
img_20170120_110037.jpg,https://images.imgbox.com/2f/ad/OMi5jpBB_o.jpg,"-85.84793856876784,37.6713555208313,0",2017/1/20,
img_20170120_110052.jpg,https://images.imgbox.com/c6/7a/gKY2Ede7_o.jpg,"-85.84796048127195,37.6713889662602,0",2017/1/20,
img_20170120_110112.jpg,https://images.imgbox.com/ca/e7/ib4vRLCt_o.jpg,"-85.84797660540068,37.6714397692654,0",2017/1/20,
img_20170120_110304.jpg,https://images.imgbox.com/a4/d8/LCqWAIfJ_o.jpg,"-85.84770193189755,37.6714882475471,0",2017/1/20,
img_20170120_110314.jpg,https://images.imgbox.com/03/ee/OBNmWVrG_o.jpg,"-85.84768193984985,37.6715162121584,0",2017/1/20,
img_20170120_110338.jpg,https://images.imgbox.com/45/1a/6xWhq7xX_o.jpg,"-85.84762777777777,37.6715055555555,0",2017/1/20,
img_20170120_110340.jpg,https://images.imgbox.com/1b/7b/bcFFG07G_o.jpg,"-85.84762777777777,37.6715055555555,0",2017/1/20,
img_20170120_120324.jpg,https://images.imgbox.com/45/41/lEN18Jcj_o.jpg,"-85.8476501509022,37.6715988702929,0",2017/1/20,
img_20170120_120328.jpg,https://images.imgbox.com/38/c2/I2cvwB9G_o.jpg,"-85.84765093769951,37.6715999578316,0",2017/1/20,
img_20170120_123305.jpg,https://images.imgbox.com/c9/00/uzfMv01f_o.jpg,"-85.84793856875844,37.6713555204684,0",2017/1/20,
img_20170120_135933.jpg,https://images.imgbox.com/cf/8d/AHRXTXpu_o.jpg,"-85.84784550815969,37.6714786404768,0",2017/1/20,
img_20170120_140040.jpg,https://images.imgbox.com/df/f5/P7nn6Mf6_o.jpg,"-85.84769942225002,37.6715695953555,0",2017/1/20,
img_20170120_153248.jpg,https://images.imgbox.com/65/8e/XfdUrgPN_o.jpg,"-85.84785523129332,37.6715197825189,0",2017/1/20,
img_20170213_125527.jpg,https://images.imgbox.com/88/51/GAS959Jd_o.jpg,"-85.47623937507441,38.2946168777928,0",2017/2/13,
img_20170213_125538.jpg,https://images.imgbox.com/7c/02/xHp2r94o_o.jpg,"-85.47616922626753,38.2945881382019,0",2017/2/13,
img_20170213_125612.jpg,https://images.imgbox.com/53/be/buyTLpIw_o.jpg,"-85.47610312363575,38.2945664412101,0",2017/2/13,
img_20170213_125632.jpg,https://images.imgbox.com/fe/93/EIvoiASq_o.jpg,"-85.47590108554714,38.294560851781,0",2017/2/13,
img_20170213_125658.jpg,https://images.imgbox.com/8a/64/VMXIASjs_o.jpg,"-85.4757850399791,38.294465614615,0",2017/2/13,
img_20170213_125944.jpg,https://images.imgbox.com/3a/3d/3DB9ppNc_o.jpg,"-85.47456298425514,38.2938005087155,0",2017/2/13,
img_20170213_125957.jpg,https://images.imgbox.com/73/ab/7OexR22n_o.jpg,"-85.47452490309557,38.2937855427284,0",2017/2/13,
img_20170213_130014.jpg,https://images.imgbox.com/4b/35/vzhMsIco_o.jpg,"-85.47444414193519,38.2937623033639,0",2017/2/13,
img_20170213_130300.jpg,https://images.imgbox.com/d9/b1/yr0HDBRG_o.jpg,"-85.47458712897475,38.2938180481042,-1",2017/2/13,
img_20170214_110705.jpg,https://images.imgbox.com/f2/c4/xc2NFAwh_o.jpg,"-83.02370523191732,38.1800982492804,0",2017/2/14,
img_20170214_110844.jpg,https://images.imgbox.com/b4/b0/nd8E4APB_o.jpg,"-83.02399494412377,38.1801626617959,0",2017/2/14,
img_20170214_110922.jpg,https://images.imgbox.com/9a/ec/rLw0lTS4_o.jpg,"-83.02402597566994,38.1800318317458,0",2017/2/14,
img_20170214_113835.jpg,https://images.imgbox.com/2f/3f/KhhOJwaD_o.jpg,"-83.02436535821043,38.1803294350446,0",2017/2/14,
img_20170214_114818.jpg,https://images.imgbox.com/b2/9a/QpzbSsf0_o.jpg,"-83.02425286894554,38.1802524197353,0",2017/2/14,
img_20170216_094753.jpg,https://images.imgbox.com/18/b8/yE94UHaX_o.jpg,"-85.8496531690456,37.6765262814732,0",2017/2/16,
img_20170216_094805.jpg,https://images.imgbox.com/e5/0a/gUM2zPmU_o.jpg,"-85.84968140200755,37.6763796688907,0",2017/2/16,
img_20170216_094850.jpg,https://images.imgbox.com/d5/3e/Hiz8Hkm4_o.jpg,"-85.84962379157363,37.676451960796,0",2017/2/16,
img_20170216_095733.jpg,https://images.imgbox.com/e8/eb/W7I0WqlJ_o.jpg,"-85.84785938570943,37.6712546892969,0",2017/2/16,
img_20170216_095746.jpg,https://images.imgbox.com/9c/1e/kO2K5cho_o.jpg,"-85.84783302146467,37.6714370760339,0",2017/2/16,
img_20170216_095759.jpg,https://images.imgbox.com/af/25/QFO4UsEQ_o.jpg,"-85.84785218780466,37.6715016961986,0",2017/2/16,
img_20170216_131648.jpg,https://images.imgbox.com/45/3c/jRqt7xVB_o.jpg,"-85.849932239973,37.6711923533918,0",2017/2/16,
img_20170216_131659.jpg,https://images.imgbox.com/f0/c1/X7q0TWUT_o.jpg,"-85.85001604826303,37.6712506659092,0",2017/2/16,
img_20170216_131714.jpg,https://images.imgbox.com/7e/99/th4cJryG_o.jpg,"-85.85020273803643,37.6711110910506,0",2017/2/16,
img_20170216_131745.jpg,https://images.imgbox.com/ac/0a/9MnjAgk5_o.jpg,"-85.8502917069998,37.6710407914872,0",2017/2/16,
img_20170216_131802.jpg,https://images.imgbox.com/e8/5a/oUlp3Pes_o.jpg,"-85.85039810556677,37.6709701147105,0",2017/2/16,
img_20170216_131813.jpg,https://images.imgbox.com/bc/1c/mjJBWuKP_o.jpg,"-85.85033914788434,37.6709024653146,0",2017/2/16,
img_20170216_131912.jpg,https://images.imgbox.com/0b/73/zTueEsNp_o.jpg,"-85.85064737149084,37.6705483919153,0",2017/2/16,
img_20170216_131935.jpg,https://images.imgbox.com/2d/2b/KgdiTccY_o.jpg,"-85.85063942524666,37.6705511742598,0",2017/2/16,
img_20170216_131949.jpg,https://images.imgbox.com/9f/c9/zuPtLZZg_o.jpg,"-85.85071856186893,37.67065893072,0",2017/2/16,
img_20170216_131952.jpg,https://images.imgbox.com/63/5d/iuc9wsAf_o.jpg,"-85.85072021868247,37.670659442282,0",2017/2/16,
img_20170216_132243.jpg,https://images.imgbox.com/c7/5c/ad9VbYQA_o.jpg,"-85.8488483309546,37.6713585221221,0",2017/2/16,
img_20170216_132713.jpg,https://images.imgbox.com/d7/8d/MPMeRve9_o.jpg,"-85.84858113489555,37.6741673932259,0",2017/2/16,
img_20170216_132735.jpg,https://images.imgbox.com/21/d8/lpt1OHTD_o.jpg,"-85.84871331061754,37.6742383103234,0",2017/2/16,
img_20170216_132757.jpg,https://images.imgbox.com/52/59/dVLnqfGS_o.jpg,"-85.84888725048761,37.6743090332936,0",2017/2/16,
img_20170216_132813.jpg,https://images.imgbox.com/de/bd/tWJID1S5_o.jpg,"-85.84883265171253,37.674151937624,0",2017/2/16,
img_20170216_132816.jpg,https://images.imgbox.com/6d/a1/SLPGnoVF_o.jpg,"-85.84881770233073,37.6741979050847,0",2017/2/16,
img_20170216_132831.jpg,https://images.imgbox.com/99/a2/NyX3zrwT_o.jpg,"-85.84877077442718,37.674019773753,0",2017/2/16,
img_20170216_132834.jpg,https://images.imgbox.com/a1/6d/zip2ZYpc_o.jpg,"-85.84890833333333,37.6741277777777,0",2017/2/16,
img_20170216_132836.jpg,https://images.imgbox.com/ad/ed/DNVugzwk_o.jpg,"-85.84901655552191,37.6741356110639,0",2017/2/16,
img_20170216_132850.jpg,https://images.imgbox.com/62/6e/Lm4Gr7Xn_o.jpg,"-85.84882499999999,37.6740388888888,0",2017/2/16,
img_20170216_133104.jpg,https://images.imgbox.com/20/4d/5tgThr1J_o.jpg,"-85.84900715407606,37.6743621012278,0",2017/2/16,
img_20170216_133109.jpg,https://images.imgbox.com/24/8c/HdCTAfab_o.jpg,"-85.84906143365397,37.674332701155,0",2017/2/16,
img_20170216_134151.jpg,https://images.imgbox.com/7f/54/DgCj7SkS_o.jpg,"-85.85044424344599,37.6744117549658,0",2017/2/16,
img_20170216_134206.jpg,https://images.imgbox.com/d5/6f/se85zcqI_o.jpg,"-85.85044090243969,37.6744590598038,0",2017/2/16,
img_20170216_134214.jpg,https://images.imgbox.com/b1/b1/NHOgwXrz_o.jpg,"-85.85041075493604,37.6744859632244,0",2017/2/16,
img_20170216_134231.jpg,https://images.imgbox.com/2f/95/BTwx78nX_o.jpg,"-85.85056060478291,37.6745065097625,0",2017/2/16,
img_20170216_134314.jpg,https://images.imgbox.com/5f/f0/WCdnbMbZ_o.jpg,"-85.85067592698145,37.6745592247081,0",2017/2/16,
img_20170216_134336.jpg,https://images.imgbox.com/dd/4f/zXVawjh2_o.jpg,"-85.85071666666666,37.674575,0",2017/2/16,
img_20170216_134423.jpg,https://images.imgbox.com/63/42/fEgKUUaa_o.jpg,"-85.85075361120602,37.674542158324,0",2017/2/16,
img_20170216_134757.jpg,https://images.imgbox.com/f4/83/sa1itUaH_o.jpg,"-85.85025278592281,37.6746933631796,0",2017/2/16,
img_20170216_134900.jpg,https://images.imgbox.com/2f/40/BnbeIqRD_o.jpg,"-85.84990351501229,37.6751068112963,0",2017/2/16,
img_20170216_135031.jpg,https://images.imgbox.com/2a/2e/GYNrLg4b_o.jpg,"-85.84971111111111,37.6759555555555,0",2017/2/16,
img_20170216_142000.jpg,https://images.imgbox.com/5e/ad/40DkMrfl_o.jpg,"-85.85252533123884,37.6762286655166,0",2017/2/16,
img_20170216_142044.jpg,https://images.imgbox.com/49/dd/E8mZDqh2_o.jpg,"-85.85266243175552,37.6761529308818,0",2017/2/16,
img_20170216_142053.jpg,https://images.imgbox.com/c5/8b/HP4v9yTa_o.jpg,"-85.85263921528744,37.6761047271545,0",2017/2/16,
img_20170216_142104.jpg,https://images.imgbox.com/a4/2d/aaTpBuAU_o.jpg,"-85.85276643696226,37.6761107040444,0",2017/2/16,
img_20170216_142116.jpg,https://images.imgbox.com/a6/c6/cIlFQonA_o.jpg,"-85.85281577588125,37.6761238189478,0",2017/2/16,
img_20170216_142145.jpg,https://images.imgbox.com/66/ab/qGhKdfFv_o.jpg,"-85.85276580143427,37.6761535021628,0",2017/2/16,
img_20170221_111529.jpg,https://images.imgbox.com/89/82/ebWhCwpL_o.jpg,"-83.65974468535968,37.956071686051,0",2017/2/21,
img_20170221_111535.jpg,https://images.imgbox.com/07/8a/BJzb60OX_o.jpg,"-83.65974875116608,37.9560957288678,0",2017/2/21,
img_20170221_111553.jpg,https://images.imgbox.com/43/97/jQHOwtdc_o.jpg,"-83.65976094862987,37.9561630487789,0",2017/2/21,
img_20170221_111807.jpg,https://images.imgbox.com/26/24/IlexMV5K_o.jpg,"-83.66051348793731,37.9564686538582,0",2017/2/21,
img_20170221_111845.jpg,https://images.imgbox.com/80/9f/iJNpA0Kb_o.jpg,"-83.66051601260878,37.9564703375432,0",2017/2/21,
img_20170221_111953.jpg,https://images.imgbox.com/cd/3b/oU7cWbVt_o.jpg,"-83.66051488627369,37.9564676362258,0",2017/2/21,
img_20170221_114143.jpg,https://images.imgbox.com/a4/b6/q0Z2pKoG_o.jpg,"-83.64654150726163,37.9520340166317,0",2017/2/21,
img_20170221_114233.jpg,https://images.imgbox.com/22/ea/VkdUWvXt_o.jpg,"-83.64666131572493,37.9520256811255,0",2017/2/21,
img_20170221_114326.jpg,https://images.imgbox.com/a8/89/o992SuXI_o.jpg,"-83.64669136987074,37.9519571878352,0",2017/2/21,
img_20170221_114936.jpg,https://images.imgbox.com/50/5e/Q2HIoELf_o.jpg,"-83.64636531808603,37.9520868092689,0",2017/2/21,
img_20170221_115448.jpg,https://images.imgbox.com/bb/15/y5YPgREE_o.jpg,"-83.64616093885483,37.9520868083095,0",2017/2/21,
img_20170221_115458.jpg,https://images.imgbox.com/d2/c0/gOBkXktT_o.jpg,"-83.64538571058644,37.9518561785709,0",2017/2/21,
img_20170221_115534.jpg,https://images.imgbox.com/1c/d4/d1vzJsJf_o.jpg,"-83.64643931767915,37.95204513068,0",2017/2/21,
img_20170221_121948.jpg,https://images.imgbox.com/6d/c7/KYFVAxyK_o.jpg,"-83.64486811557168,37.9516472937693,0",2017/2/21,
img_20170223_085517.jpg,https://images.imgbox.com/28/cd/pjEjjSCW_o.jpg,"-85.47477217603121,38.2939544836132,0",2017/2/23,
img_20170223_092721.jpg,https://images.imgbox.com/b8/b6/YYHgNEAk_o.jpg,"-85.47482333059863,38.2939952222978,0",2017/2/23,
img_20170223_100330.jpg,https://images.imgbox.com/ba/33/nesG7ab5_o.jpg,"-85.47504788369822,38.2941184102366,0",2017/2/23,
img_20170223_100339.jpg,https://images.imgbox.com/9b/99/LuqdXsEA_o.jpg,"-85.47515649517155,38.2940987380111,0",2017/2/23,
img_20170303_115944.jpg,https://images.imgbox.com/19/19/KDB3Vdga_o.jpg,"-83.31895468810076,36.9345834757221,0",2017/3/3,
img_20170303_115956.jpg,https://images.imgbox.com/a6/98/mGdSn9vq_o.jpg,"-83.31891914305729,36.9345001668012,0",2017/3/3,
img_20170303_120113.jpg,https://images.imgbox.com/56/f5/CEEARYHu_o.jpg,"-83.31883640052601,36.9344774155996,0",2017/3/3,
img_20170303_120205.jpg,https://images.imgbox.com/bb/f3/mc5aWkie_o.jpg,"-83.31862163436077,36.9341910469318,0",2017/3/3,
img_20170303_120248.jpg,https://images.imgbox.com/e3/5e/m9SZQzZS_o.jpg,"-83.31872993037135,36.9340940290354,0",2017/3/3,
img_20170303_121137.jpg,https://images.imgbox.com/76/8d/qEGHUmr2_o.jpg,"-83.31870076273302,36.934336766953,0",2017/3/3,
img_20170303_122049.jpg,https://images.imgbox.com/69/fa/UE4YdejR_o.jpg,"-83.31948201466626,36.9345629255248,0",2017/3/3,
img_20170303_122239.jpg,https://images.imgbox.com/81/64/c57hqsDG_o.jpg,"-83.31963990791942,36.9346054364377,0",2017/3/3,
img_20170306_142303.jpg,https://images.imgbox.com/14/53/CcEmZH5o_o.jpg,"-85.47497676973377,38.2940790085859,0",2017/3/6,
img_20170306_143809.jpg,https://images.imgbox.com/15/c5/1vIaKcO8_o.jpg,"-85.4750009789632,38.2941314801691,0",2017/3/6,
img_20170307_103656.jpg,https://images.imgbox.com/1b/c5/W3qH9spa_o.jpg,"-85.47472865569327,38.2938742433985,0",2017/3/7,
img_20170307_115738.jpg,https://images.imgbox.com/04/e5/X8QtMxum_o.jpg,"-85.47472605428054,38.2938723075653,0",2017/3/7,
img_20170426_102405.jpg,https://images.imgbox.com/f7/ea/yckzDPLL_o.jpg,"-85.30692741283299,37.3342467068613,0",2017/4/26,
img_20170426_102416.jpg,https://images.imgbox.com/87/38/9NoOtGC6_o.jpg,"-85.30704396518939,37.3339709278274,0",2017/4/26,
img_20170426_103237.jpg,https://images.imgbox.com/e2/b0/l4I6dxyH_o.jpg,"-85.30711811674968,37.3338951459358,0",2017/4/26,
img_20170426_103239.jpg,https://images.imgbox.com/47/53/yUpST3i5_o.jpg,"-85.30711282194343,37.333890934769,0",2017/4/26,
img_20170426_105033-pano.jpg,https://images.imgbox.com/2c/f0/dgF90FdN_o.jpg,"-85.30852626989297,37.3308811481256,0",2017/4/26,
img_20170426_105954.jpg,https://images.imgbox.com/dc/5b/5MAXM6xZ_o.jpg,"-85.30857553499193,37.3311258194243,0",2017/4/26,
img_20170426_105958.jpg,https://images.imgbox.com/b7/cf/9DTel0G9_o.jpg,"-85.30860037741725,37.3312015886661,0",2017/4/26,
img_20170426_110000.jpg,https://images.imgbox.com/0d/62/SE8ZXI74_o.jpg,"-85.30860435760714,37.3311984051064,0",2017/4/26,
img_20170426_114813.jpg,https://images.imgbox.com/0b/e9/N0RM7Y3B_o.jpg,"-85.3424861111111,37.3134277777777,0",2017/4/26,
img_20170426_121414.jpg,https://images.imgbox.com/5d/86/BxJKwkc2_o.jpg,"-85.33366620344965,37.3166384398347,0",2017/4/26,
img_20170426_124717.jpg,https://images.imgbox.com/99/10/HrX8Hyqh_o.jpg,"-85.33231501262817,37.3182656819728,0",2017/4/26,
img_20170426_124721.jpg,https://images.imgbox.com/84/0f/7KAo5M1U_o.jpg,"-85.33229998761536,37.3183241626474,0",2017/4/26,
img_20170426_124724.jpg,https://images.imgbox.com/04/0a/q5XCu1Fo_o.jpg,"-85.33258300920173,37.318418355419,0",2017/4/26,
img_20170426_124944.jpg,https://images.imgbox.com/32/dd/xUHL9jyx_o.jpg,"-85.33230453513158,37.3181778168964,0",2017/4/26,
img_20170426_141756.jpg,https://images.imgbox.com/f6/ce/TYW8HVQf_o.jpg,"-85.30996483687274,37.5922966382672,0",2017/4/26,
img_20170426_141759.jpg,https://images.imgbox.com/99/b3/zQB5YdVB_o.jpg,"-85.30993475304292,37.5923054231477,0",2017/4/26,
img_20170426_144406.jpg,https://images.imgbox.com/03/80/hK1LyMFe_o.jpg,"-85.30020209824698,37.5898362301435,0",2017/4/26,
img_20170426_144422.jpg,https://images.imgbox.com/89/cb/x2t0PQZ1_o.jpg,"-85.30026636938263,37.5898190294878,0",2017/4/26,
img_20170426_144715.jpg,https://images.imgbox.com/1e/08/D2FhTeXV_o.jpg,"-85.3003145561015,37.5896684777968,0",2017/4/26,
img_20170426_144904.jpg,https://images.imgbox.com/20/2c/knU8VpwI_o.jpg,"-85.30027981850276,37.5896071715166,0",2017/4/26,
img_20170426_145256.jpg,https://images.imgbox.com/44/56/EjH2WrDx_o.jpg,"-85.30014039865984,37.5898000914206,0",2017/4/26,
img_20170426_145301.jpg,https://images.imgbox.com/b0/5e/SxqaL3w6_o.jpg,"-85.30024997816418,37.5898351017726,0",2017/4/26,
img_20170428_103524.jpg,https://images.imgbox.com/28/7c/9DPnbK8I_o.jpg,"-85.69057058497444,37.9463792671237,0",2017/4/28,
img_20170428_103536.jpg,https://images.imgbox.com/9a/1d/ZCYsDlPY_o.jpg,"-85.69064550560421,37.9464210993319,0",2017/4/28,
img_20170428_120507.jpg,https://images.imgbox.com/3e/f1/QN0otQKd_o.jpg,"-85.69010999971277,37.946440975725,0",2017/4/28,
img_20170501_105450.jpg,https://images.imgbox.com/e7/53/F0g2mvsF_o.jpg,"-85.62480897488381,38.3268882366747,0",2017/5/1,
img_20170501_105509.jpg,https://images.imgbox.com/17/1d/JaiKas0o_o.jpg,"-85.62484528863857,38.3269128759061,0",2017/5/1,
img_20170501_105556.jpg,https://images.imgbox.com/4a/f6/LGroExkP_o.jpg,"-85.62483269898749,38.3269054083415,0",2017/5/1,
img_20170501_105640.jpg,https://images.imgbox.com/0d/ac/Yi0zs2xo_o.jpg,"-85.62490958045945,38.3269725091298,0",2017/5/1,
img_20170501_105841.jpg,https://images.imgbox.com/f1/61/8pYZaqzW_o.jpg,"-85.62493301667121,38.3270055618941,0",2017/5/1,
img_20170501_110355.jpg,https://images.imgbox.com/92/0c/7vd779kr_o.jpg,"-85.62511703538513,38.327170268499,0",2017/5/1,
img_20170501_110501.jpg,https://images.imgbox.com/fb/46/R8H6vRQ6_o.jpg,"-85.62514902287205,38.3273914096348,0",2017/5/1,
img_20170501_110704.jpg,https://images.imgbox.com/53/e1/i93kVEuN_o.jpg,"-85.62494714139497,38.3276351732379,0",2017/5/1,
img_20170501_110802.jpg,https://images.imgbox.com/af/b2/Gv6q96xB_o.jpg,"-85.62531913228072,38.3273533455214,0",2017/5/1,
img_20170501_110948.jpg,https://images.imgbox.com/f6/20/mRYPHO4M_o.jpg,"-85.62517441595145,38.3274798626425,0",2017/5/1,
img_20170501_113013.jpg,https://images.imgbox.com/76/18/HrzMiVle_o.jpg,"-85.62467034572856,38.3272851160358,0",2017/5/1,
img_20170501_113907.jpg,https://images.imgbox.com/0c/19/bia0oFwc_o.jpg,"-85.62475483469376,38.3268494934372,0",2017/5/1,
img_20170501_114835.jpg,https://images.imgbox.com/4e/e6/zvXPApZD_o.jpg,"-85.62371999635644,38.3254005920193,0",2017/5/1,
img_20170501_120142.jpg,https://images.imgbox.com/c5/ed/ssHay4mH_o.jpg,"-85.62443869032394,38.3246309078914,0",2017/5/1,
img_20170501_120206.jpg,https://images.imgbox.com/72/11/2UJIqDE8_o.jpg,"-85.62461345481415,38.3247151429857,0",2017/5/1,
img_20170501_120324.jpg,https://images.imgbox.com/5e/a4/blmg2Kx8_o.jpg,"-85.62484151349264,38.3243355318026,0",2017/5/1,
img_20170501_122641.jpg,https://images.imgbox.com/c3/3d/sdBUTU10_o.jpg,"-85.62506387757047,38.3273672093387,0",2017/5/1,
img_20170501_122819.jpg,https://images.imgbox.com/3e/ee/g35Js1d7_o.jpg,"-85.62532486440804,38.3276280276263,0",2017/5/1,
img_20170501_123557.jpg,https://images.imgbox.com/2b/80/BfcUyGW2_o.jpg,"-85.62560033392062,38.3275251494118,0",2017/5/1,
img_20170501_130357.jpg,https://images.imgbox.com/1d/ec/O2CB85a6_o.jpg,"-85.62809539235389,38.3292496794744,0",2017/5/1,
img_20170501_132441.jpg,https://images.imgbox.com/8b/3f/3e8DbGa3_o.jpg,"-85.63089669001147,38.3317824276792,0",2017/5/1,
img_20170503_110345.jpg,https://images.imgbox.com/9c/03/erfbTS3L_o.jpg,"-83.98342253893792,37.7182517615672,0",2017/5/3,
img_20170503_110406.jpg,https://images.imgbox.com/28/09/ikBUw7bq_o.jpg,"-83.98324041278069,37.7183376741328,0",2017/5/3,
img_20170503_110949.jpg,https://images.imgbox.com/20/19/E3VYYlsy_o.jpg,"-83.9828844458645,37.7185463721063,0",2017/5/3,
img_20170503_111018.jpg,https://images.imgbox.com/ec/ed/ExvFVpYz_o.jpg,"-83.98308410800969,37.7184077999241,0",2017/5/3,
img_20170503_112416.jpg,https://images.imgbox.com/30/7c/uuMtzp3K_o.jpg,"-83.98340743670975,37.7185979927257,0",2017/5/3,
img_20170503_112447.jpg,https://images.imgbox.com/ea/8f/lyOIsQr6_o.jpg,"-83.98338908010874,37.718535151807,0",2017/5/3,
img_20170503_112625.jpg,https://images.imgbox.com/49/37/M4X6Tzwc_o.jpg,"-83.98323179605544,37.7186770970522,0",2017/5/3,
img_20170503_112815.jpg,https://images.imgbox.com/30/17/BG4SEHph_o.jpg,"-83.98330616123999,37.718701304728,0",2017/5/3,
img_20170503_113508.jpg,https://images.imgbox.com/9c/1c/vy3CfLIl_o.jpg,"-83.98354985084542,37.718146542962,0",2017/5/3,
img_20170503_115221.jpg,https://images.imgbox.com/a0/ea/IbEtfp5i_o.jpg,"-83.98334980518561,37.7182872625359,0",2017/5/3,
img_20170503_121746.jpg,https://images.imgbox.com/b9/c2/4FxgiGSq_o.jpg,"-84.09371636152982,37.6598625376499,0",2017/5/3,
img_20170503_121901.jpg,https://images.imgbox.com/b1/75/Gyu4pN7M_o.jpg,"-84.09429394070597,37.6600028426708,0",2017/5/3,
img_20170503_121920.jpg,https://images.imgbox.com/0a/43/5WtQtg5C_o.jpg,"-84.09462561440361,37.6600324126747,0",2017/5/3,
img_20170503_122009.jpg,https://images.imgbox.com/01/6e/jBfsh9Rj_o.jpg,"-84.0945353014511,37.660039680947,0",2017/5/3,
img_20170503_122055.jpg,https://images.imgbox.com/cd/6c/9QcETbf6_o.jpg,"-84.09446325511239,37.660038572579,0",2017/5/3,
img_20170503_122126.jpg,https://images.imgbox.com/b1/9a/PkNK0QvN_o.jpg,"-84.09473372092759,37.6601124898215,0",2017/5/3,
img_20170503_122150.jpg,https://images.imgbox.com/ce/c7/F4v65hha_o.jpg,"-84.09407363338849,37.6598904916608,0",2017/5/3,
img_20170511_115453.jpg,https://images.imgbox.com/60/66/1BxiwUab_o.jpg,"-84.08873393812509,37.1046763586561,0",2017/5/11,
img_20170511_115502.jpg,https://images.imgbox.com/c4/0a/IXQzrdsq_o.jpg,"-84.08871011280395,37.1046548475102,0",2017/5/11,
img_20170511_132339.jpg,https://images.imgbox.com/02/5d/uc6Xb5kk_o.jpg,"-84.08876492799675,37.1046363556624,0",2017/5/11,
img_20170515_122608.jpg,https://images.imgbox.com/53/14/46ZJndiG_o.jpg,"-82.79415135827756,37.7925042398673,0",2017/5/15,
img_20170515_122622.jpg,https://images.imgbox.com/c1/b4/4Oy4Wv91_o.jpg,"-82.79459902035346,37.7928195820612,0",2017/5/15,
img_20170515_122654.jpg,https://images.imgbox.com/fe/9c/h91533Ly_o.jpg,"-82.79426427471098,37.7926060396344,0",2017/5/15,
img_20170515_122725.jpg,https://images.imgbox.com/89/d5/5fPVYdC9_o.jpg,"-82.79408068163977,37.7924627128021,0",2017/5/15,
img_20170515_122800.jpg,https://images.imgbox.com/b3/37/LmtQwXn4_o.jpg,"-82.79426427471098,37.7926060396344,0",2017/5/15,
img_20170530_105354.jpg,https://images.imgbox.com/6e/28/7F7KTBM2_o.jpg,"-82.85621958989756,38.5557752979883,0",2017/5/30,
img_20170530_105527.jpg,https://images.imgbox.com/d9/7a/vhOqvw2O_o.jpg,"-82.85578643706927,38.5560949825697,0",2017/5/30,
img_20170530_105648.jpg,https://images.imgbox.com/f1/71/XHC3OhOL_o.jpg,"-82.85517102414794,38.5563091709893,0",2017/5/30,
img_20170530_110956.jpg,https://images.imgbox.com/2b/17/2AhdFnjf_o.jpg,"-82.85469639418187,38.5566019870812,0",2017/5/30,
img_20170530_111318.jpg,https://images.imgbox.com/43/2f/UqPV6np0_o.jpg,"-82.85418173612332,38.5569877061236,0",2017/5/30,
img_20170530_111529.jpg,https://images.imgbox.com/8d/e3/KG60qQs3_o.jpg,"-82.85391355824478,38.5571345003377,0",2017/5/30,
img_20170530_111744.jpg,https://images.imgbox.com/60/fb/umFrYKd5_o.jpg,"-82.85377483474639,38.5572111930365,0",2017/5/30,
img_20170530_112455.jpg,https://images.imgbox.com/d3/65/zJewOXG7_o.jpg,"-82.85322777777778,38.5573416666666,0",2017/5/30,
img_20170530_112656.jpg,https://images.imgbox.com/f3/9a/V68tP3Q5_o.jpg,"-82.85322777777778,38.5573416666666,0",2017/5/30,
img_20170530_112848.jpg,https://images.imgbox.com/b5/47/lHVBIHZ2_o.jpg,"-82.85314225128128,38.5576414408821,0",2017/5/30,
img_20170530_113210.jpg,https://images.imgbox.com/c2/25/cIdFnPrS_o.jpg,"-82.85306782627835,38.5577260141297,0",2017/5/30,
img_20170530_113429.jpg,https://images.imgbox.com/6f/4a/rvU7OaVY_o.jpg,"-82.85327354071379,38.5573133956121,0",2017/5/30,
img_20170530_114046.jpg,https://images.imgbox.com/a3/c2/YLpqUHvB_o.jpg,"-82.85484808298649,38.5565275888901,0",2017/5/30,
img_20170530_120835.jpg,https://images.imgbox.com/0b/90/bsjLrafC_o.jpg,"-82.68766549320665,38.5241228925008,0",2017/5/30,
img_20170530_120923.jpg,https://images.imgbox.com/b2/72/0tbvqmkA_o.jpg,"-82.68772385642185,38.5243887435494,0",2017/5/30,
img_20170530_121211.jpg,https://images.imgbox.com/50/4e/yaXhgbvl_o.jpg,"-82.68792309103844,38.5248823925159,0",2017/5/30,
img_20170530_121528.jpg,https://images.imgbox.com/4d/ea/uKKUSr5F_o.jpg,"-82.68829896218432,38.5258725776875,0",2017/5/30,
img_20170530_121654.jpg,https://images.imgbox.com/b5/d9/SVQI48od_o.jpg,"-82.68800935715987,38.5255126506087,0",2017/5/30,
img_20170530_121817.jpg,https://images.imgbox.com/d4/a3/ltmgAUko_o.jpg,"-82.68875716480156,38.5261759332689,0",2017/5/30,
img_20170530_121945.jpg,https://images.imgbox.com/ab/cf/zl8KTMJW_o.jpg,"-82.68938055555556,38.5264333333333,0",2017/5/30,
img_20170530_124204.jpg,https://images.imgbox.com/40/52/53CH9y00_o.jpg,"-82.72802138120315,38.541705117732,0",2017/5/30,
img_20170530_124306.jpg,https://images.imgbox.com/d3/b7/Y4ecNKFN_o.jpg,"-82.72812221270823,38.541641898408,0",2017/5/30,
img_20170530_124342.jpg,https://images.imgbox.com/4f/f2/BLrjM1Op_o.jpg,"-82.72811337715329,38.5415524907403,0",2017/5/30,
img_20170530_124425.jpg,https://images.imgbox.com/fb/10/O4vyJmzN_o.jpg,"-82.72813521692154,38.5413613216381,0",2017/5/30,
img_20170530_124636.jpg,https://images.imgbox.com/80/07/4ZuR39sI_o.jpg,"-82.72816899141017,38.5411630361599,0",2017/5/30,
img_20170530_124718.jpg,https://images.imgbox.com/eb/40/PvNgiS8y_o.jpg,"-82.72808350788894,38.5408381139319,0",2017/5/30,
img_20170601_111832.jpg,https://images.imgbox.com/d6/3c/bXBPpSF6_o.jpg,"-82.19162721277013,37.5577894077022,0",2017/6/1,
img_20170601_111844.jpg,https://images.imgbox.com/e8/fa/xgJau6bb_o.jpg,"-82.19165644815165,37.5577565249072,0",2017/6/1,
img_20170601_111955.jpg,https://images.imgbox.com/e7/d9/9VHpvtLH_o.jpg,"-82.19160972567106,37.557543869176,0",2017/6/1,
img_20170601_112701-mod.jpg,https://images.imgbox.com/c2/5b/zmhKwvGO_o.jpg,"-82.1917066294798,37.557606787235,0",2017/6/1,
img_20170606_084828.jpg,https://images.imgbox.com/5f/e8/TMALOJuE_o.jpg,"-85.6707800691876,37.4618393968732,0",2017/6/6,
img_20170606_091643.jpg,https://images.imgbox.com/f7/dd/caB9bVzh_o.jpg,"-85.67091083596037,37.4619286117244,0",2017/6/6,
img_20170606_091654.jpg,https://images.imgbox.com/ae/4d/g6NvBtJT_o.jpg,"-85.6708844024536,37.4618910149995,0",2017/6/6,
img_20170606_101614.jpg,https://images.imgbox.com/18/ee/mJQkMwMq_o.jpg,"-85.67096076441521,37.4618896515367,0",2017/6/6,
img_20170606_113816.jpg,https://images.imgbox.com/09/9f/YmdPYlIG_o.jpg,"-85.34318055555555,37.3128805555555,0",2017/6/6,
img_20170606_114110.jpg,https://images.imgbox.com/b6/0b/pVXA9NUm_o.jpg,"-85.343170830101,37.3130294364724,0",2017/6/6,
img_20170606_114410.jpg,https://images.imgbox.com/6a/0f/cy7FxJzV_o.jpg,"-85.34246553869741,37.3133189103081,0",2017/6/6,
img_20170606_114413.jpg,https://images.imgbox.com/34/88/MQzWQm6P_o.jpg,"-85.34244392507345,37.313256273815,0",2017/6/6,
img_20170606_114442.jpg,https://images.imgbox.com/55/cd/p0Xk9pjC_o.jpg,"-85.3424246113366,37.3132913921765,0",2017/6/6,
img_20170606_114955.jpg,https://images.imgbox.com/02/c8/zCby5Ry2_o.jpg,"-85.34204166666666,37.3134277777777,0",2017/6/6,
img_20170606_115804.jpg,https://images.imgbox.com/f7/76/pfGBIg6R_o.jpg,"-85.34243054493756,37.3132914003402,0",2017/6/6,
img_20170606_115853.jpg,https://images.imgbox.com/fe/92/eOXDnXX4_o.jpg,"-85.34246353600766,37.3133189028761,0",2017/6/6,
img_20170606_120131.jpg,https://images.imgbox.com/cc/7f/hGmWliFc_o.jpg,"-85.34323611111111,37.3126833333333,0",2017/6/6,
img_20170606_132511.jpg,https://images.imgbox.com/87/c5/Af4Tyy3y_o.jpg,"-85.33211776761996,37.3181144438236,0",2017/6/6,
img_20170606_132521.jpg,https://images.imgbox.com/75/1c/XfJz3592_o.jpg,"-85.33204226074049,37.3180698296716,0",2017/6/6,
img_20170606_133023.jpg,https://images.imgbox.com/14/29/TDBtrSQr_o.jpg,"-85.33230370302697,37.3182714924574,0",2017/6/6,
img_20170606_133249.jpg,https://images.imgbox.com/ed/70/5hfR3OpB_o.jpg,"-85.3324618922847,37.3184256458613,0",2017/6/6,
img_20170606_133331.jpg,https://images.imgbox.com/e5/4c/YGjVFOFm_o.jpg,"-85.33257075270667,37.3184777692412,0",2017/6/6,
img_20170606_133419.jpg,https://images.imgbox.com/7f/ee/Gt4RQO0y_o.jpg,"-85.33262642196969,37.318528140266,0",2017/6/6,
img_20170606_133445.jpg,https://images.imgbox.com/90/81/yWHcexwp_o.jpg,"-85.33269448813039,37.3185789369162,0",2017/6/6,
img_20170606_133716.jpg,https://images.imgbox.com/d1/41/XjjnfSU8_o.jpg,"-85.33284217187675,37.3186970571475,0",2017/6/6,
img_20170606_141130.jpg,https://images.imgbox.com/1b/28/QHsbLcoZ_o.jpg,"-85.30845985906529,37.3306605437213,0",2017/6/6,
img_20170606_141215.jpg,https://images.imgbox.com/98/d7/wELDXgAL_o.jpg,"-85.30834637379925,37.3305524386179,0",2017/6/6,
img_20170606_141219.jpg,https://images.imgbox.com/d0/5f/EpF3xnie_o.jpg,"-85.30850112772841,37.3307274265145,0",2017/6/6,
img_20170606_141421.jpg,https://images.imgbox.com/fc/3b/Yk9gd8on_o.jpg,"-85.30846151975999,37.330766407013,0",2017/6/6,
img_20170606_141647.jpg,https://images.imgbox.com/68/43/93QlhzL3_o.jpg,"-85.30849389644837,37.3308573412769,0",2017/6/6,
img_20170606_141936.jpg,https://images.imgbox.com/4e/9a/g7yOko1z_o.jpg,"-85.30847534388987,37.330792514141,0",2017/6/6,
img_20170606_142116.jpg,https://images.imgbox.com/d0/e7/vFZrfkwp_o.jpg,"-85.30847302768039,37.3309148575082,0",2017/6/6,
img_20170606_142155.jpg,https://images.imgbox.com/1b/f2/Ax2FHiOz_o.jpg,"-85.3085639342098,37.3310335935763,0",2017/6/6,
img_20170606_142224.jpg,https://images.imgbox.com/b8/68/4UBWJ70X_o.jpg,"-85.30856893855811,37.3310667288976,0",2017/6/6,
img_20170606_142334.jpg,https://images.imgbox.com/87/05/UKatyBL3_o.jpg,"-85.3086400949143,37.3311509512283,0",2017/6/6,
img_20170606_142516.jpg,https://images.imgbox.com/f1/68/otaXOZ3R_o.jpg,"-85.30858513268952,37.3311352220998,0",2017/6/6,
img_20170612_104900.jpg,https://images.imgbox.com/05/5f/ojPHceKf_o.jpg,"-84.50050765874377,39.0895035306698,0",2017/6/12,
img_20170612_105328.jpg,https://images.imgbox.com/64/3a/5aWo7AEC_o.jpg,"-84.50252614388583,39.0884796464584,0",2017/6/12,
img_20170612_105605.jpg,https://images.imgbox.com/bc/e6/P4LYNetJ_o.jpg,"-84.50313888888888,39.0883027777777,0",2017/6/12,
img_20170612_105901.jpg,https://images.imgbox.com/d2/65/E0xn3fqa_o.jpg,"-84.50286264026968,39.088484547656,0",2017/6/12,
img_20170612_121537.jpg,https://images.imgbox.com/78/64/lmVMh11z_o.jpg,"-84.50047254290014,39.0894095698249,0",2017/6/12,
img_20170612_122113.jpg,https://images.imgbox.com/4b/bb/rznhAT0W_o.jpg,"-84.50046716532357,39.0894137521642,0",2017/6/12,
img_20170621_105550.jpg,https://images.imgbox.com/be/2d/R4gIe3fZ_o.jpg,"-85.62480906391764,38.3269155951202,0",2017/6/21,
img_20170621_105827.jpg,https://images.imgbox.com/18/d3/ldyVOy6V_o.jpg,"-85.62521448194198,38.3274793670389,0",2017/6/21,
img_20170621_125948.jpg,https://images.imgbox.com/39/eb/1cAK0lMP_o.jpg,"-85.624807825898,38.3269147841919,0",2017/6/21,
img_20170621_130346.jpg,https://images.imgbox.com/0b/8d/FPCGF1VN_o.jpg,"-85.62480825663715,38.3269156889412,0",2017/6/21,
img_20170621_133220.jpg,https://images.imgbox.com/1e/a0/KaTqIvhF_o.jpg,"-85.62478265456346,38.3268268742698,0",2017/6/21,
img_20170621_133811.jpg,https://images.imgbox.com/3e/9d/csZ8Xx0h_o.jpg,"-85.62491928770265,38.3270135469565,0",2017/6/21,
img_20170621_133852.jpg,https://images.imgbox.com/03/9b/oSzzwFGe_o.jpg,"-85.62492012708459,38.3270145537399,0",2017/6/21,
img_20170621_134024.jpg,https://images.imgbox.com/5e/0c/d6XGoLhO_o.jpg,"-85.62491743359286,38.3270135313602,0",2017/6/21,
img_20170629_135257.jpg,https://images.imgbox.com/04/66/C5SuK8cZ_o.jpg,"-85.30714296054821,37.3337504156866,0",2017/6/29,
img_20170629_135309.jpg,https://images.imgbox.com/aa/51/ZQckeUPG_o.jpg,"-85.30714444664352,37.3337468717666,0",2017/6/29,
img_20170629_135342.jpg,https://images.imgbox.com/0e/24/YmxhFzNj_o.jpg,"-85.3071295805706,37.3338354715648,0",2017/6/29,
img_20170629_135407.jpg,https://images.imgbox.com/37/2b/6VEtvSc9_o.jpg,"-85.30707758392495,37.3337882146455,0",2017/6/29,
img_20170629_135423.jpg,https://images.imgbox.com/57/1e/BHUlkrAZ_o.jpg,"-85.30707758392495,37.3337882146455,0",2017/6/29,
img_20170629_135529.jpg,https://images.imgbox.com/bf/ac/lVWuVoyN_o.jpg,"-85.3070952404168,37.3338562294322,0",2017/6/29,
img_20170629_135612.jpg,https://images.imgbox.com/29/68/KrTTJq2h_o.jpg,"-85.30711269019109,37.3338874615126,0",2017/6/29,
img_20170717_113931.jpg,https://images.imgbox.com/d7/2a/Mkb7Ag8H_o.jpg,"-84.50047999386055,39.0894203253331,0",2017/7/17,
img_20170717_150534.jpg,https://images.imgbox.com/da/40/YxdyKIdc_o.jpg,"-84.50047307767474,39.0894149572552,0",2017/7/17,
img_20170718_104258.jpg,https://images.imgbox.com/8b/b2/yqBzP4dG_o.jpg,"-84.50048345195914,39.08942032533,0",2017/7/18,
img_20170726_091710.jpg,https://images.imgbox.com/ad/bd/sdhFLlb3_o.jpg,"-85.09601666666666,38.7160833333333,0",2017/7/26,
img_20170726_092422.jpg,https://images.imgbox.com/83/b4/3izc9IFm_o.jpg,"-85.09601616054184,38.7160820681062,0",2017/7/26,
img_20170727_133200.jpg,https://images.imgbox.com/86/8f/kPNWFhl0_o.jpg,"-85.0960173481608,38.7160829947246,0",2017/7/27,
img_20170810_110120.jpg,https://images.imgbox.com/46/b4/H5cRuWog_o.jpg,"-84.62890555555555,37.2200111111111,0",2017/8/10,
img_20170810_110254.jpg,https://images.imgbox.com/25/1f/CxtlejBD_o.jpg,"-84.62860233516715,37.2202510320228,0",2017/8/10,
img_20170810_110636.jpg,https://images.imgbox.com/cd/2d/3jOk4KMQ_o.jpg,"-84.62864444444443,37.2203111111111,0",2017/8/10,
img_20170810_110658.jpg,https://images.imgbox.com/09/8b/Fm01yuV7_o.jpg,"-84.62864722222221,37.2203166666666,0",2017/8/10,
img_20170810_111005.jpg,https://images.imgbox.com/27/65/0lPgRtPW_o.jpg,"-84.62913514887114,37.2210764188274,0",2017/8/10,
img_20170810_111128.jpg,https://images.imgbox.com/86/a2/pPteV7UE_o.jpg,"-84.62898333333332,37.2203861111111,0",2017/8/10,
img_20170810_115650.jpg,https://images.imgbox.com/de/9a/y4uvOVi6_o.jpg,"-84.63973780995039,37.1234867813952,0",2017/8/10,
img_20170810_115659.jpg,https://images.imgbox.com/fd/e1/6R9Jk3L9_o.jpg,"-84.63968200358093,37.1235081057079,0",2017/8/10,
img_20170810_115746.jpg,https://images.imgbox.com/57/be/puaTEuao_o.jpg,"-84.63960070642855,37.123530198455,0",2017/8/10,
img_20170810_115904.jpg,https://images.imgbox.com/5a/2a/nU5hVABG_o.jpg,"-84.63961920745145,37.1235199361522,0",2017/8/10,
img_20170810_120546.jpg,https://images.imgbox.com/c8/f0/2F85TWfx_o.jpg,"-84.63963571597226,37.1235248929683,0",2017/8/10,
img_20170815_111826.jpg,https://images.imgbox.com/ee/89/HbVOdjGX_o.jpg,"-83.19229391152483,37.1555370261053,0",2017/8/15,
img_20170815_111900.jpg,https://images.imgbox.com/94/4f/udYog8QA_o.jpg,"-83.19256901317999,37.1551682795773,0",2017/8/15,
img_20170815_112311.jpg,https://images.imgbox.com/b6/b5/vjPSMcCo_o.jpg,"-83.19248148186955,37.1550486857681,0",2017/8/15,
img_20170815_112810.jpg,https://images.imgbox.com/f7/15/BUJKBDmU_o.jpg,"-83.19258151793913,37.1550187875102,0",2017/8/15,
img_20170815_114707.jpg,https://images.imgbox.com/22/03/Q5ReLvcO_o.jpg,"-83.19218762507504,37.1551732615442,0",2017/8/15,
img_20170815_115339.jpg,https://images.imgbox.com/45/ff/MD19TZFE_o.jpg,"-83.19252212122953,37.1551707710398,0",2017/8/15,
img_20170815_115727.jpg,https://images.imgbox.com/9f/3d/NKRyjVru_o.jpg,"-83.19255963472165,37.1552031610423,0",2017/8/15,
img_20170815_120225.jpg,https://images.imgbox.com/14/36/nxFYz0hk_o.jpg,"-83.19254087784054,37.1552480086303,0",2017/8/15,
img_20170815_120738.jpg,https://images.imgbox.com/50/5c/MFb9iUjf_o.jpg,"-83.19276595949121,37.1553426870382,0",2017/8/15,
img_20170815_140249.jpg,https://images.imgbox.com/60/69/ExdLXQsE_o.jpg,"-82.65161698010247,37.1598599254805,0",2017/8/15,
img_20170815_142501.jpg,https://images.imgbox.com/50/52/ZGvvekmk_o.jpg,"-82.6517160320832,37.1600441395038,0",2017/8/15,
img_20170815_143023.jpg,https://images.imgbox.com/03/cc/e21Sjrcd_o.jpg,"-82.65171603172389,37.1600507184363,0",2017/8/15,
img_20170815_143807-pano.jpg,https://images.imgbox.com/5f/e7/tCu7wvYZ_o.jpg,"-82.65188114438676,37.1598796718153,0",2017/8/15,
img_20170815_144734-pano.jpg,https://images.imgbox.com/d1/2b/vSk2beJ0_o.jpg,"-82.65147663424162,37.1600112356943,0",2017/8/15,
img_20170815_152257.jpg,https://images.imgbox.com/62/c8/dSS5pvNK_o.jpg,"-82.66039444444445,37.1639833333333,0",2017/8/15,
img_20170829_112637.jpg,https://images.imgbox.com/cc/96/o7LdSlyW_o.jpg,"-82.7878840641384,37.3676184194648,0",2017/8/29,
img_20170829_112703.jpg,https://images.imgbox.com/4a/83/nEJfCrus_o.jpg,"-82.78802721705974,37.3676005651587,0",2017/8/29,
img_20170829_112729.jpg,https://images.imgbox.com/37/35/qt2gKhM2_o.jpg,"-82.78802589211489,37.3676005296043,0",2017/8/29,
img_20170829_112737.jpg,https://images.imgbox.com/56/89/kE92X53N_o.jpg,"-82.78802725030049,37.3675994969561,0",2017/8/29,
img_20170829_112913.jpg,https://images.imgbox.com/c0/1b/dQzApXbJ_o.jpg,"-82.78793409478342,37.3673569122201,0",2017/8/29,
img_20170829_112926.jpg,https://images.imgbox.com/89/1f/HziRpEZ9_o.jpg,"-82.78806935611991,37.3674583702998,0",2017/8/29,
img_20170829_113029.jpg,https://images.imgbox.com/09/77/x2GrHL0Y_o.jpg,"-82.7880648743933,37.3672696562031,0",2017/8/29,
img_20170829_113418.jpg,https://images.imgbox.com/b9/c5/r98EZvnT_o.jpg,"-82.78800555555556,37.3672944444444,0",2017/8/29,
img_20170829_113759.jpg,https://images.imgbox.com/11/61/oKTbc7ZI_o.jpg,"-82.7874401081224,37.3675268136677,0",2017/8/29,
img_20170829_113924.jpg,https://images.imgbox.com/1d/f9/Yxghc02r_o.jpg,"-82.78746103915063,37.3674010981744,0",2017/8/29,
img_20170829_114251.jpg,https://images.imgbox.com/4d/0e/CKMgwSSH_o.jpg,"-82.787606829453,37.3671427624421,0",2017/8/29,
img_20170829_114537.jpg,https://images.imgbox.com/48/a6/Co1DeRZ0_o.jpg,"-82.78747968516822,37.3671412136534,0",2017/8/29,
img_20170829_114635.jpg,https://images.imgbox.com/43/18/SFi1yaPV_o.jpg,"-82.78734028706781,37.3676744110311,0",2017/8/29,
img_20170829_114640.jpg,https://images.imgbox.com/f0/9b/JhqiLbDH_o.jpg,"-82.78734635684941,37.3676468449756,0",2017/8/29,
img_20170829_115413.jpg,https://images.imgbox.com/c1/18/kSEDnW1X_o.jpg,"-82.78791101742665,37.3679457726152,0",2017/8/29,
img_20170829_115840.jpg,https://images.imgbox.com/84/ff/6o51AUZP_o.jpg,"-82.78787851981531,37.367669460777,0",2017/8/29,
img_20170829_115952.jpg,https://images.imgbox.com/a8/e8/sOQlvUNF_o.jpg,"-82.78796769000208,37.3676688409322,0",2017/8/29,
img_20170829_121023-pano.jpg,https://images.imgbox.com/c0/ea/2nxAJ0Av_o.jpg,"-82.78797298750426,37.3673190916364,0",2017/8/29,
img_20170829_121146.jpg,https://images.imgbox.com/72/73/OdmQqaPC_o.jpg,"-82.78791175464123,37.367446442728,0",2017/8/29,
img_20170829_122003.jpg,https://images.imgbox.com/c3/4e/yBkHbr7C_o.jpg,"-82.78786460164676,37.3671746503502,0",2017/8/29,
img_20170829_123551.jpg,https://images.imgbox.com/6f/90/HhZmmNWr_o.jpg,"-82.78785456516796,37.367946416194,0",2017/8/29,
p6290009 (west bridge end).jpg,https://images.imgbox.com/90/46/Ylde7S1U_o.jpg,"-84.12193812120587,37.9000827197536,0",2016/6/29,
P6290010 (West Bridge End).jpg,https://images.imgbox.com/fb/1c/hHWviEpH_o.jpg,"-84.12203036837259,37.90001295935612,0",2016/6/29,
p6290013.jpg,https://images.imgbox.com/4f/12/d1ifdzQY_o.jpg,"-84.12188100695565,37.9002787875222,0",2016/6/29,
P6290016 (Cracking in Stream Bed).jpg,https://images.imgbox.com/70/cc/Ox2EpUB6_o.jpg,"-84.12195244413718,37.90014761448913,0",2016/6/29,
P6290018 (View of East Stream Edge).jpg,https://images.imgbox.com/fe/40/RdBZRla7_o.jpg,"-84.12188797104393,37.9001105513851,0",2016/6/29,
P6290019 (looking Downstream).jpg,https://images.imgbox.com/11/78/THYCpBQ6_o.jpg,"-84.1219694307179,37.8999579966159,0",2016/6/29,
p6290021.jpg,https://images.imgbox.com/56/b0/XJlV0pFf_o.jpg,"-84.70602179006167,38.2723569604711,0",2016/6/29,
p6290022.jpg,https://images.imgbox.com/2a/90/oxIFUw9e_o.jpg,"-84.70608343546601,38.2724079759769,0",2016/6/29,
P6290023 (looking DownStream).JPG,https://images.imgbox.com/01/5c/XEQThGHO_o.jpg,"-84.1219694307179,37.8999579966159,0",2016/6/29,
p6290028 (road for drilling west side).jpg,https://images.imgbox.com/69/68/5Da1vyK3_o.jpg,"-84.70635564798836,38.2723792884076,0",2016/6/29,
p6290029 (road for drilling west side).jpg,https://images.imgbox.com/d6/8d/iyfgP82n_o.jpg,"-84.70630126804373,38.2723659105589,0",2016/6/29,
p6290030 (road for drilling west side).jpg,https://images.imgbox.com/11/3f/MoYHZwgz_o.jpg,"-84.70626164181624,38.2724595213414,0",2016/6/29,
p8170001.jpg,https://images.imgbox.com/74/81/QnSTfdoF_o.jpg,"-82.82588525932974,37.8870267110125,0",2016/8/17,
p8170010.jpg,https://images.imgbox.com/35/5a/JgdSAG0o_o.jpg,"-82.82567136274589,37.8871374280802,0",2016/8/17,
p8170012.jpg,https://images.imgbox.com/ec/2e/3VmM9BQX_o.jpg,"-82.82569495462603,37.8871437224678,0",2016/8/17,
p8170014.jpg,https://images.imgbox.com/ab/95/sR8Axoui_o.jpg,"-82.82570853134737,37.8871600307935,0",2016/8/17,
p8170022.jpg,https://images.imgbox.com/02/78/RCmqdxFv_o.jpg,"-82.82573565449485,37.887150467949,0",2016/8/17,
p8170024.jpg,https://images.imgbox.com/52/bc/in84CHbS_o.jpg,"-82.82578306288143,37.8872726115834,0",2016/8/17,
p8170026.jpg,https://images.imgbox.com/69/26/BM9sOMl0_o.jpg,"-82.82574343471009,37.8872549280533,0",2016/8/17,
p8170029.jpg,https://images.imgbox.com/f6/fe/KJjpxVwG_o.jpg,"-82.825739430242,37.8872673771655,0",2016/8/17,
p8170032.jpg,https://images.imgbox.com/e0/87/4qD73zKc_o.jpg,"-82.82567482988851,37.887249092774,0",2016/8/17,
p8170033.jpg,https://images.imgbox.com/6c/51/5vnwspX1_o.jpg,"-82.82577963305168,37.8872467403118,0",2016/8/17,
p8170038.jpg,https://images.imgbox.com/55/40/yTdCZlmI_o.jpg,"-82.82578522846126,37.887231078964,0",2016/8/17,
pano_20170426_144652.jpg,https://images.imgbox.com/8b/35/Noz1ZnA0_o.jpg,"-85.3003315359542,37.5896407006896,0",2017/4/26,
pano_20170426_145011.jpg,https://images.imgbox.com/b1/dd/dGjFLibq_o.jpg,"-85.30029309357759,37.5895763450031,0",2017/4/26,
pano_20170428_103237.jpg,https://images.imgbox.com/4e/1a/TbDI5fgc_o.jpg,"-85.69058294456221,37.9463509801002,0",2017/4/28,
pano_20170428_103332.jpg,https://images.imgbox.com/d8/79/ne5AfzX8_o.jpg,"-85.69061133122386,37.9464925058655,0",2017/4/28,
pano_20170428_104321.jpg,https://images.imgbox.com/fe/d6/ObF1JBIP_o.jpg,"-85.69048175634681,37.9464924947061,0",2017/4/28,
pano_20170501_110319.jpg,https://images.imgbox.com/7d/fd/RhIOMYiV_o.jpg,"-85.62506973909736,38.3271806015422,0",2017/5/1,
pano_20170501_110805.jpg,https://images.imgbox.com/57/07/JgzSQJPj_o.jpg,"-85.62525116503281,38.327386154361,0",2017/5/1,
pano_20170501_110828.jpg,https://images.imgbox.com/22/2a/HjzlXtvh_o.jpg,"-85.62531305555304,38.3274125894338,0",2017/5/1,
pano_20170501_111007.jpg,https://images.imgbox.com/98/c1/p8QEWiKG_o.jpg,"-85.62514075321909,38.3275123168318,0",2017/5/1,
pano_20170501_111736.jpg,https://images.imgbox.com/d6/cd/h3VLGZsX_o.jpg,"-85.6246693545705,38.327285602678,0",2017/5/1,
pano_20170501_122312.jpg,https://images.imgbox.com/58/1b/iVQOsysp_o.jpg,"-85.62474168532937,38.3271870037819,0",2017/5/1,
pano_20170501_122829.jpg,https://images.imgbox.com/85/d8/GFd8fmXb_o.jpg,"-85.62537763552126,38.3276831096656,0",2017/5/1,
pano_20170501_122927.jpg,https://images.imgbox.com/78/77/eMukxray_o.jpg,"-85.62534096040092,38.3276568264138,0",2017/5/1,
pano_20170501_130400.jpg,https://images.imgbox.com/1f/6a/qyaYQr8v_o.jpg,"-85.6280475344055,38.3292528588357,0",2017/5/1,
pano_20170503_110952.jpg,https://images.imgbox.com/c3/93/MmzsdKHU_o.jpg,"-83.98294436425331,37.7185114724864,0",2017/5/3,
PANO_20170503_114610.jpg,https://images.imgbox.com/77/a8/7VviOxdi_o.jpg,"-83.98308580297638,37.71821191958758,0",2017/5/3,
pano_20170503_121749.jpg,https://images.imgbox.com/d8/01/s7ZJbvlo_o.jpg,"-84.09371431905484,37.6598548658041,0",2017/5/3,
pano_20170511_135659.jpg,https://images.imgbox.com/b9/dd/lPfIm7yh_o.jpg,"-84.08877202171415,37.1046410197713,0",2017/5/11,
pano_20170515_122901.jpg,https://images.imgbox.com/26/46/sIeMQdRM_o.jpg,"-82.79422797221754,37.7924689108085,0",2017/5/15,
pano_20170530_112943.jpg,https://images.imgbox.com/1a/67/sAzCjrxx_o.jpg,"-82.85318030455559,38.5576006980513,0",2017/5/30,
pano_20170530_113732.jpg,https://images.imgbox.com/d1/c7/GOUsb675_o.jpg,"-82.85406613401702,38.5568769339929,0",2017/5/30,
pano_20170530_120116.jpg,https://images.imgbox.com/fa/c6/m7stT0or_o.jpg,"-82.68798396743668,38.5241962073758,0",2017/5/30,
pano_20170530_120322.jpg,https://images.imgbox.com/61/b9/hl985duo_o.jpg,"-82.68823009300577,38.5245310778351,0",2017/5/30,
pano_20170530_124206.jpg,https://images.imgbox.com/00/1a/dAn5pDfI_o.jpg,"-82.72802138120315,38.541705117732,0",2017/5/30,
pano_20170530_125010.jpg,https://images.imgbox.com/5a/d0/u5ufyoP7_o.jpg,"-82.72816148154239,38.5412500738835,0",2017/5/30,
pano_20170601_111747.jpg,https://images.imgbox.com/16/ae/KmfhIAD0_o.jpg,"-82.19157616153639,37.5577640909579,0",2017/6/1,
pano_20170601_112112.jpg,https://images.imgbox.com/2c/af/yH3T583W_o.jpg,"-82.19176623502351,37.5578672775129,0",2017/6/1,
pano_20170612_104514.jpg,https://images.imgbox.com/d6/e0/gtA0YBrC_o.jpg,"-84.50012764314272,39.0893025029237,0",2017/6/12,
pano_20170612_105607.jpg,https://images.imgbox.com/5d/4c/MgsoWqN8_o.jpg,"-84.50313512658342,39.0882997336046,0",2017/6/12,
pano_20170718_103244.jpg,https://images.imgbox.com/f0/a8/DCthZhJ4_o.jpg,"-84.50048345195914,39.08942032533,0",2017/7/18,
pano_20170726_100543.jpg,https://images.imgbox.com/d1/34/18aBRw8h_o.jpg,"-85.0959544060825,38.7161117211409,0",2017/7/26,
pano_20170815_111925.jpg,https://images.imgbox.com/e9/1e/StKc7cOY_o.jpg,"-83.19253775208496,37.1550711096794,0",2017/8/15,
pano_20170815_115551.jpg,https://images.imgbox.com/fe/9d/jMSfRfBK_o.jpg,"-83.19218449894339,37.1551732615299,0",2017/8/15,
pano_20170829_112500.jpg,https://images.imgbox.com/44/1f/N0pnEU06_o.jpg,"-82.78797955175216,37.3678283222996,0",2017/8/29,
pano_20170829_112542.jpg,https://images.imgbox.com/eb/8d/8bOV1SSc_o.jpg,"-82.78784343210015,37.3676507124388,0",2017/8/29,
pano_20170829_113033.jpg,https://images.imgbox.com/fd/49/qkC1MykU_o.jpg,"-82.7879714213374,37.3673600766477,0",2017/8/29,
pano_20170829_113726.jpg,https://images.imgbox.com/e7/a9/eDUARF2n_o.jpg,"-82.78743914067989,37.3674989372856,0",2017/8/29,
pano_20170829_114840.jpg,https://images.imgbox.com/9b/a8/ag2Hh0Tb_o.jpg,"-82.78784952674614,37.3676216489031,0",2017/8/29,
pano_20170829_121826.jpg,https://images.imgbox.com/f8/19/BlPfJ9GU_o.jpg,"-82.78783936583824,37.3671889253144,0",2017/8/29,
